F,Maria,5324
F,Leonor,1999
F,Matilde,1889
F,Beatriz,1268
F,Carolina,1228
F,Mariana,1205
F,Ana,1060
F,Inês,1001
F,Margarida,989
F,Sofia,950
F,Lara,916
F,Laura,815
F,Francisca,755
F,Joana,671
F,Alice,623
F,Clara,600
F,Diana,574
F,Luana,557
F,Madalena,539
F,Mafalda,512
F,Bianca,494
F,Mara,491
F,Constança,483
F,Sara,467
F,Íris,462
F,Camila,409
F,Rita,396
F,Benedita,393
F,Eva,385
F,Letícia,378
F,Carlota,373
F,Gabriela,354
F,Catarina,322
F,Vitória,319
F,Yara,305
F,Ema,298
F,Ariana,275
F,Yasmin,243
F,Luísa,235
F,Marta,232
F,Rafaela,191
F,Miriam,188
F,Alícia,185
F,Victória,183
F,Núria,178
F,Carminho,176
F,Iara,173
F,Melissa,170
F,Helena,169
F,Nicole,168
F,Filipa,161
F,Júlia,160
F,Bruna,154
F,Daniela,154
F,Isabel,144
F,Teresa,143
F,Lia,140
F,Valentina,136
F,Kyara,129
F,Raquel,128
F,Bárbara,127
F,Jéssica,122
F,Érica,115
F,Noa,108
F,Isis,102
F,Luna,99
F,Luena,94
F,Kelly,94
F,Juliana,93
F,Pilar,87
F,Eduarda,84
F,Mia,82
F,Alexandra,78
F,Irina,77
F,Mélanie,75
F,Caetana,67
F,Soraia,64
F,Adriana,62
F,Isabela,62
F,Lorena,60
F,Paloma,56
F,Naiara,55
F,Salomé,53
F,Olívia,52
F,Luciana,50
F,Débora,49
F,Amélia,49
F,Fabiana,47
F,Emília,47
F,Andreia,47
F,Emma,47
F,Aurora,45
F,Petra,45
F,Nádia,44
F,Renata,44
F,Tatiana,42
F,Sarah,41
F,Julieta,38
F,Ângela,37
F,Anita,35
F,Nair,35
F,Áurea,34
F,Flor,34
F,Cristiana,34
F,Isabella,33
F,Frederica,32
F,Dânia,32
F,Vera,32
F,Simone,32
F,Aline,32
F,Ester,32
F,Safira,31
F,Bia,31
F,Patrícia,31
F,Mayara,31
F,Rosa,31
F,Verónica,29
F,Maiara,29
F,Cláudia,29
F,Iris,28
F,Liliana,28
F,Violeta,27
F,Larissa,27
F,Neuza,26
F,Elisa,26
F,Raissa,26
F,Sophia,26
F,Victoria,25
F,Lúcia,25
F,Erika,24
F,Alana,24
F,Natacha,23
F,Vanessa,23
F,Elena,23
F,Carmo,23
F,Micaela,23
F,Sandra,23
F,Susana,22
F,Cristina,22
F,Carla,22
F,Alicia,21
F,Márcia,20
F,Fátima,20
F,Cátia,20
F,Taís,20
F,Paula,20
F,Emily,20
F,Marisa,20
F,Cíntia,19
F,Doriana,19
F,Antónia,19
F,Luz,19
F,Eliane,19
F,Rebeca,19
F,Marina,19
F,Tamara,18
F,Clarisse,18
F,Viviane,18
F,Ariane,18
F,Amanda,18
F,Erica,18
F,Elsa,17
F,Abigail,17
F,Eliana,17
F,Liara,17
F,Telma,16
F,Leticia,16
F,Tânia,16
F,Rute,16
F,Penélope,16
F,Nayara,16
F,Giovana,15
F,Solange,15
F,Denise,15
F,Liana,15
F,Serena,15
F,Carina,15
F,Maísa,15
F,Mónica,15
F,Noemi,15
F,Maya,15
F,Ayla,15
F,Oriana,14
F,Flávia,14
F,Anna,14
F,Cloé,14
F,Brenda,14
F,Sílvia,14
F,Nina,14
F,Cloe,14
F,Estrela,14
F,Angélica,13
F,Rosarinho,13
F,Isa,13
F,Eunice,13
F,Liane,13
F,Valéria,13
F,Suri,13
F,Cecília,13
F,Concha,13
F,Clarinha,13
F,Sónia,13
F,Dalila,13
F,Sabrina,13
F,Briana,13
F,Milena,12
F,Aléxia,12
F,Jénifer,12
F,Alina,12
F,Ashley,12
F,Glória,12
F,Morgana,12
F,Samira,12
F,Lea,12
F,Flora,12
F,Gabriella,12
F,Irene,12
F,Kayla,12
F,Lídia,12
F,Amália,12
F,Martina,11
F,Angelina,11
F,Pérola,11
F,Lana,11
F,Magda,11
F,Graça,11
F,Ísis,11
F,Kiara,11
F,Jade,11
F,India,10
F,Melanie,10
F,Lívia,10
F,Naísa,10
F,Lisa,10
F,Mayra,10
F,Anabela,10
F,Esther,10
F,Chloé,10
F,Aisha,10
F,Viviana,10
F,Samanta,10
F,Taísa,10
F,Julia,9
F,Maira,9
F,Carmen,9
F,Lua,9
F,Giovanna,9
F,Leandra,9
F,Cármen,9
F,Nídia,9
F,Rayssa,9
F,Samara,9
F,Esmeralda,9
F,Priscila,9
F,Lais,9
F,Taíssa,9
F,Estela,8
F,Heloísa,8
F,Aysha,8
F,Emilly,8
F,Fernanda,8
F,Anaísa,8
F,Maia,8
F,Dália,8
F,Laila,8
F,Luzia,8
F,Mariama,8
F,Iva,8
F,Dara,8
F,Suria,8
F,Guiomar,8
F,Isaura,8
F,Mercedes,8
F,Ânia,8
F,Leila,8
F,Manuela,8
F,Elisabete,8
F,Gisela,8
F,Riana,8
F,Allana,7
F,Keyla,7
F,Maryam,7
F,Edna,7
F,Aaliyah,7
F,Lya,7
F,Olivia,7
F,Celina,7
F,Tamára,7
F,Anastácia,7
F,Josiane,7
F,Thaís,7
F,Jessica,7
F,Anamar,7
F,Hadassa,7
F,Isabelle,7
F,Lina,7
F,Natália,6
F,Jennifer,6
F,Chloe,6
F,Filomena,6
F,Iasmin,6
F,Margarita,6
F,Melina,6
F,Melany,6
F,Dora,6
F,Giulia,6
F,Stela,6
F,Cássia,6
F,Angela,6
F,Regina,6
F,Eugénia,6
F,Charlotte,6
F,Dayane,6
F,Nara,6
F,Fatumata,6
F,Mathilde,6
F,Zahra,6
F,Ariele,6
F,Lurdes,6
F,Zara,6
F,Chiara,6
F,Ariela,6
F,Linda,6
F,Perla,6
F,Laís,6
F,Andrea,6
F,Sophie,6
F,Suéli,6
F,Melinda,6
F,Alyssa,6
F,Teresinha,6
F,Mariam,6
F,Polina,6
F,Gaia,6
F,Zoé,5
F,Giselle,5
F,Mel,5
F,Eliza,5
F,Esperança,5
F,Irís,5
F,Lígia,5
F,Celeste,5
F,Adelina,5
F,Diva,5
F,Rosana,5
F,Marisol,5
F,Cassandra,5
F,Janice,5
F,Amy,5
F,Ciara,5
F,Kristina,5
F,Ivana,5
F,Ruth,5
F,Anaís,5
F,Amora,5
F,Alma,5
F,Silvana,5
F,Karen,5
F,Tiara,5
F,Ionara,5
F,Daniella,5
F,Samaritana,5
F,Lisandra,5
F,Alexa,5
F,Adriela,5
F,Michele,5
F,Nadine,5
F,Iolanda,5
F,Amelia,5
F,Martinha,5
F,Rania,5
F,Maura,5
F,Fatoumata,4
F,Érika,4
F,Ellen,4
F,Vivian,4
F,Stephany,4
F,Hélia,4
F,Emanuela,4
F,Aliça,4
F,Lyana,4
F,Daisi,4
F,Nuria,4
F,Daria,4
F,Rebecca,4
F,Marli,4
F,Ticiana,4
F,Aixa,4
F,Karolina,4
F,Leah,4
F,Nuna,4
F,Chantal,4
F,Pandora,4
F,Ayra,4
F,Ionela,4
F,Liz,4
F,Daisy,4
F,Alexia,4
F,Carol,4
F,Karina,4
F,Lavinia,4
F,Deise,4
F,Milene,4
F,Letízia,4
F,Eleonor,4
F,Elaine,4
F,Anaïs,4
F,Élia,4
F,Samantha,4
F,Evandra,4
F,Jordana,4
F,Jacira,4
F,Dafne,4
F,Ariel,4
F,Janine,4
F,Scarlett,4
F,Lueji,4
F,Jael,4
F,Caroline,4
F,Patricia,4
F,Janaína,4
F,Mary,4
F,Alessandra,4
F,Ava,4
F,Viktoria,4
F,Joyce,4
F,Kimberly,4
F,Lavínia,4
F,Vânia,4
F,Lyah,4
F,Angel,4
F,Luanna,4
F,Joice,4
F,Cheila,4
F,Isadora,4
F,Noor,4
F,Evelyn,4
F,Guadalupe,4
F,Sofiya,4
F,Luiza,4
F,Andreea,4
F,Yasmine,4
F,Stella,4
F,Aurea,4
F,Luisa,4
F,Dina,4
F,Marlene,4
F,Josiana,3
F,Arya,3
F,Sulamita,3
F,Laurinda,3
F,Natasha,3
F,Mélissa,3
F,Anaya,3
F,Evelina,3
F,Zélia,3
F,Ella,3
F,Siena,3
F,Caterina,3
F,Marinha,3
F,Rafaella,3
F,Yasmim,3
F,Leyla,3
F,Eveline,3
F,América,3
F,Aicha,3
F,Matilda,3
F,Tabita,3
F,Adélia,3
F,Noémia,3
F,Haniela,3
F,Déborah,3
F,Alessia,3
F,Katarina,3
F,Miguela,3
F,Ilana,3
F,Adelaide,3
F,Valeria,3
F,Terezinha,3
F,Pureza,3
F,Yohanna,3
F,Cleia,3
F,Naíma,3
F,Lucia,3
F,Rayane,3
F,Alia,3
F,Tiana,3
F,Emely,3
F,Joanna,3
F,Miranda,3
F,Zora,3
F,Bibiana,3
F,Ekaterina,3
F,Noémi,3
F,Sasha,3
F,Stephanie,3
F,Martha,3
F,Susete,3
F,Simara,3
F,Kavya,3
F,Aliyah,3
F,Michelle,3
F,Francesca,3
F,Andreína,3
F,Simona,3
F,Léa,3
F,Wendy,3
F,Cindy,3
F,Lira,3
F,Neide,3
F,Suriel,3
F,Alexis,3
F,Sheila,3
F,Haniya,3
F,Fábia,3
F,Stefany,3
F,Nancy,3
F,Ilda,3
F,Aliza,3
F,Liah,3
F,Raíssa,3
F,Léana,3
F,Daina,3
F,Domingas,3
F,Fatou,3
F,Alisha,3
F,Sarai,3
F,Claúdia,3
F,Aya,3
F,Felícia,3
F,Cândida,3
F,Simaura,3
F,Dulce,3
F,Katerina,3
F,Alda,3
F,Mirela,3
F,Mila,3
F,Anastasia,3
F,Ioana,3
F,Damaris,3
F,Ruby,3
F,Gisele,3
F,Fatima,3
F,Hanna,3
F,Zaira,3
F,Wamy,3
F,Selena,3
F,Ayesha,3
F,Aissatou,3
F,Jussara,3
F,Elizabeth,3
F,Tamar,3
F,Aida,3
F,Célia,3
F,Alya,3
F,Ami,2
F,Ellie,2
F,Sienna,2
F,Thays,2
F,Alba,2
F,Magali,2
F,Melody,2
F,Luiana,2
F,Maitê,2
F,Hiba,2
F,Yilin,2
F,Yuna,2
F,Andra,2
F,Ada,2
F,Yanira,2
F,Orlanda,2
F,Lilly,2
F,Miruna,2
F,Nicolly,2
F,Kyesse,2
F,Rosie,2
F,Juliette,2
F,Kieza,2
F,Ágata,2
F,Quirina,2
F,Daiane,2
F,Stefanny,2
F,Yu,2
F,Layane,2
F,Gabrielle,2
F,Lorenna,2
F,Jenny,2
F,Asmaa,2
F,Teodora,2
F,Hibah,2
F,Magnólia,2
F,Grace,2
F,Mária,2
F,Eloah,2
F,Jady,2
F,Ivone,2
F,Fiona,2
F,Harper,2
F,Eloisa,2
F,Edmara,2
F,Cintya,2
F,Elisabeth,2
F,Salimatu,2
F,Emilie,2
F,Aldara,2
F,Marwa,2
F,Elyane,2
F,Josiany,2
F,Deisy,2
F,Sonia,2
F,Selina,2
F,Jacinta,2
F,Simran,2
F,Clarissa,2
F,Yazmin,2
F,Kendra,2
F,Eleonora,2
F,Aryanne,2
F,Selene,2
F,Rayna,2
F,Lidiany,2
F,Idalina,2
F,Khadija,2
F,Latifah,2
F,Damiana,2
F,Ingrid,2
F,kelly,2
F,Naira,2
F,Cristal,2
F,Rayanne,2
F,Antonieta,2
F,Arisha,2
F,Elana,2
F,Xin,2
F,Zoe,2
F,Lília,2
F,Caia,2
F,Nicoleta,2
F,Quiara,2
F,Aissatu,2
F,Lis,2
F,Lena,2
F,Vanda,2
F,Kayra,2
F,Oceana,2
F,Anastacia,2
F,Ecaterina,2
F,Marcela,2
F,Evanyce,2
F,Sol,2
F,Daliana,2
F,Léonor,2
F,Eleanor,2
F,Natanaela,2
F,Beatris,2
F,Thaila,2
F,Kira,2
F,Ania,2
F,Vidhi,2
F,Inés,2
F,Daiany,2
F,Jasmine,2
F,Mariame,2
F,Tayla,2
F,Judite,2
F,Selma,2
F,Arina,2
F,Iria,2
F,Naomi,2
F,Kataleya,2
F,Deolinda,2
F,Anais,2
F,Anastasiia,2
F,Agnes,2
F,Emaly,2
F,Nicolle,2
F,Maysa,2
F,Kaya,2
F,Pui,2
F,Manreet,2
F,Diya,2
F,Bela,2
F,Lízi,2
F,Helga,2
F,Samiksha,2
F,Séfora,2
F,Mariza,2
F,Sandrina,2
F,Dayana,2
F,Geovana,2
F,Niriani,2
F,Chloë,2
F,Ainara,2
F,Siara,2
F,Zlata,2
F,Valentine,2
F,Liliane,2
F,Misha,2
F,Mishal,2
F,Nawal,2
F,Katia,2
F,Nazaré,2
F,Maylis,2
F,Elis,2
F,Roberta,2
F,Branca,2
F,Manon,2
F,Aleena,2
F,Nayla,2
F,Melannie,2
F,Anisia,2
F,Brigite,2
F,Raphaela,2
F,Nathalie,2
F,Denisa,2
F,Mina,2
F,Índia,2
F,Kate,2
F,Lícia,2
F,Iana,2
F,Margot,2
F,Natalia,2
F,Amélie,2
F,Alessa,2
F,Carine,2
F,Adrielly,2
F,Beatrice,2
F,Cinara,2
F,Eloá,2
F,Lauryn,2
F,Nora,2
F,Nayra,2
F,Si,2
F,Raiany,2
F,Clarice,2
F,Charlize,2
F,Ishika,2
F,Myriam,2
F,Ayana,2
F,Kayna,2
F,Mercês,2
F,Larisa,2
F,Milana,2
F,Cléo,2
F,Hannah,2
F,Raluca,2
F,Iasmina,2
F,Aliane,2
F,Amiela,2
F,Kauana,2
F,Leone,2
F,Lianna,2
F,Aditi,2
F,Aura,2
F,Elissa,2
F,Liza,2
F,Açucena,2
F,Hana,2
F,Melisa,2
F,Princy,2
F,Florence,2
F,Jessie,2
F,Dámaris,2
F,Emanuella,2
F,Virgínia,2
F,Anísia,2
F,Vitoria,2
F,Alycia,2
F,Marie,2
F,Dejanira,2
F,Palina,1
F,Kareena,1
F,Deya,1
F,Dilreet,1
F,Alix,1
F,Marilza,1
F,Aavani,1
F,Ryhanna,1
F,Yenna,1
F,Janilza,1
F,Ciline,1
F,Merciane,1
F,Sian,1
F,Lucy,1
F,Yanna,1
F,Shireen,1
F,Svenya,1
F,Antonella,1
F,Muen,1
F,Lunara,1
F,Jasmina,1
F,Bassiratu,1
F,Francelina,1
F,Dariana,1
F,Nísia,1
F,Nicky,1
F,Tayanne,1
F,Anastásia,1
F,Juli,1
F,Kelsy,1
F,Raiana,1
F,Bailo,1
F,Rozalinda,1
F,Whitney,1
F,Alyra,1
F,Peyton,1
F,Sarika,1
F,Leninha,1
F,Lemba,1
F,Guilhermina,1
F,Rejhane,1
F,Cheng,1
F,Emilangela,1
F,Joelma,1
F,Ariany,1
F,Allegra,1
F,Kéren,1
F,Maisah,1
F,Krisnnara,1
F,Sherley,1
F,Aleksandra,1
F,Priscienne,1
F,Dyanna,1
F,Ainoa,1
F,Tita,1
F,Águeda,1
F,Keila,1
F,Kauara,1
F,Iok,1
F,Shakira,1
F,Misthi,1
F,Gabi,1
F,Goreti,1
F,Ibadat,1
F,Nahry,1
F,Sam,1
F,Chrisângella,1
F,Dishti,1
F,Safiye,1
F,Vaishnavi,1
F,Dayanna,1
F,Vinisha,1
F,Mireia,1
F,Riva,1
F,Yeda,1
F,Kherunissa,1
F,Ariella,1
F,Zaíne,1
F,kellyne,1
F,Neivania,1
F,Penka,1
F,Lilianna,1
F,Reeva,1
F,Álison,1
F,Yashika,1
F,Maisa,1
F,Énia,1
F,Mariya,1
F,Jeysse,1
F,Saran,1
F,Hadriela,1
F,Licínia,1
F,Mirian,1
F,Mira,1
F,Kassimara,1
F,Urwa,1
F,Kezia,1
F,Éma,1
F,Nihal,1
F,Layana,1
F,Nene,1
F,Vilma,1
F,Yvana,1
F,Eilla,1
F,Helloisa,1
F,Cármina,1
F,Aimee,1
F,Dhafne,1
F,Maxine,1
F,Aylla,1
F,Shayenne,1
F,Zuri,1
F,Akilah,1
F,Jeanne,1
F,Winnye,1
F,Simy,1
F,Kaylanne,1
F,Kélsia,1
F,Zahraa,1
F,Naara,1
F,Wyatt,1
F,Louana,1
F,Meyde,1
F,Vadeleisy,1
F,Livya,1
F,Esha,1
F,verónica,1
F,Ricarda,1
F,Sáfira,1
F,Conceição,1
F,Billca,1
F,Epifânia,1
F,Almedina,1
F,Armeet,1
F,Hei,1
F,Dionísia,1
F,Lathifa,1
F,Céline,1
F,Inga,1
F,Marília,1
F,Luriane,1
F,Meng,1
F,Eliara,1
F,Lunah,1
F,Quésia,1
F,Nalan,1
F,Kénia,1
F,Sevgina,1
F,Yahan,1
F,Reandra,1
F,Crislynn,1
F,Cínara,1
F,Janircia,1
F,Jazmin,1
F,Elizete,1
F,Belmira,1
F,Jhennifer,1
F,Jamilly,1
F,Ándressa,1
F,Harpritam,1
F,Eniraide,1
F,Rosário,1
F,Jin,1
F,Juliê,1
F,Rose,1
F,Snezhana,1
F,Trefa,1
F,Biani,1
F,Janna,1
F,Hailie,1
F,Rabia,1
F,Saphira,1
F,Nikolly,1
F,Belén,1
F,Leónia,1
F,Anaíce,1
F,Hayley,1
F,Aneta,1
F,Albertina,1
F,Kamilla,1
F,Eléonore,1
F,Tiguidanke,1
F,Yunxuan,1
F,Leonna,1
F,Rosângela,1
F,Aarayna,1
F,Uhenia,1
F,Zia,1
F,Thailize,1
F,Lukénia,1
F,Heidynazia,1
F,Ishtmeet,1
F,Alimatu,1
F,Yacine,1
F,Kevin,1
F,Krissandra,1
F,Jandria,1
F,Paz,1
F,Rashi,1
F,Yosmara,1
F,Kajatou,1
F,Faiza,1
F,Angilina,1
F,Krutgna,1
F,Iqra,1
F,Mea,1
F,Nelssy,1
F,Pema,1
F,Maryah,1
F,Djanira,1
F,Fateh,1
F,Hulematu,1
F,Helainy,1
F,Orquídea,1
F,Jaqui,1
F,Maahniya,1
F,Agrata,1
F,Reniala,1
F,Arline,1
F,Bercina,1
F,Nika,1
F,Joaninha,1
F,Eryka,1
F,Lexie,1
F,Rossana,1
F,Kharen,1
F,Ariely,1
F,Nalini,1
F,Otchaly,1
F,Tesla,1
F,Teysir,1
F,Thaissa,1
F,Nala,1
F,Lorea,1
F,Ayllah,1
F,Aircia,1
F,Christiany,1
F,Tyciane,1
F,Júnia,1
F,Valquíria,1
F,Nayuca,1
F,Juna,1
F,Shaira,1
F,Zita,1
F,Runa,1
F,Trisha,1
F,Layla,1
F,Parbhjot,1
F,Wadyla,1
F,Maribel,1
F,Elizaveta,1
F,Stéphanie,1
F,Juliany,1
F,Alyse,1
F,Rosangela,1
F,Pratha,1
F,Rüya,1
F,Cesaltina,1
F,Yoenne,1
F,Núrya,1
F,Myany,1
F,Sintya,1
F,Trinity,1
F,Sánya,1
F,Adje,1
F,Loana,1
F,Jasleen,1
F,Luniva,1
F,Élika,1
F,Sheryl,1
F,Leana,1
F,Daniely,1
F,Yesmin,1
F,Kenya,1
F,Anyara,1
F,Mame,1
F,Raphaella,1
F,Miryam,1
F,Sahira,1
F,Sanvi,1
F,Zelda,1
F,Mya,1
F,Elly,1
F,Margaret,1
F,Edma,1
F,Eloïse,1
F,Marilda,1
F,Mileida,1
F,Deiziane,1
F,Savaana,1
F,Margherita,1
F,Seemoon,1
F,Nami,1
F,Marlita,1
F,Mayane,1
F,Kwima,1
F,Veronica,1
F,Wendie,1
F,Valdira,1
F,Azaleia,1
F,Lou,1
F,Christiane,1
F,Jucelene,1
F,Felicidade,1
F,Quézia,1
F,Aine,1
F,Skyla,1
F,Sadagi,1
F,Anaise,1
F,Laureana,1
F,Lethícia,1
F,Zainab,1
F,Lauren,1
F,Tarine,1
F,Aira,1
F,Vanuza,1
F,Kayera,1
F,Hazel,1
F,Diamanta,1
F,Gilsa,1
F,Lúcileny,1
F,Kassia,1
F,Joalete,1
F,Dhani,1
F,Sarayu,1
F,Or,1
F,Nené,1
F,Seeratjot,1
F,Viktória,1
F,Aliara,1
F,Oriane,1
F,Japman,1
F,Heliamar,1
F,Jasmin,1
F,Ailinne,1
F,Lauane,1
F,Jéssyca,1
F,Thyana,1
F,Dafeny,1
F,Lukenya,1
F,Ludmila,1
F,Elianne,1
F,Annye-Keller,1
F,Simrit,1
F,Hibba,1
F,Cremilda,1
F,Sabrine,1
F,Nzambi,1
F,Gerulza,1
F,Alesia,1
F,Rubi,1
F,Anqi,1
F,Yukti,1
F,Adja,1
F,Hilda,1
F,Navsirat,1
F,Arlinda,1
F,Marysol,1
F,Tomásia,1
F,Elinise,1
F,Roslina,1
F,Lacey,1
F,Penelope,1
F,Tamirys,1
F,Gabriely,1
F,Emmy,1
F,Máriyah,1
F,Harriet,1
F,Ruxi,1
F,Fábio,1
F,Amelie,1
F,Jenifer,1
F,Thamara,1
F,Nazariel,1
F,Assma,1
F,Aliyya,1
F,Samrina,1
F,Ellie-Rosa,1
F,Abrish,1
F,Annabelle,1
F,Léna,1
F,Manahil,1
F,Raísa,1
F,Zeinaba,1
F,Alcíone,1
F,Alva,1
F,Zeina,1
F,Iliana,1
F,Beizhenni,1
F,Kailane,1
F,Angélika,1
F,Kely,1
F,Josefa,1
F,Crislainny,1
F,keilla,1
F,Ifeoma,1
F,Reyna,1
F,Maria-Luiza,1
F,Berta,1
F,Pyetra,1
F,Tchimalia,1
F,Kattleya,1
F,Karmjot,1
F,Umaiza,1
F,Alifiyah,1
F,Aliciane,1
F,Harshine,1
F,Ezinne,1
F,Ryara,1
F,Moana,1
F,Uliana,1
F,Ivy,1
F,Ayan,1
F,Idaira,1
F,Maureen,1
F,Samreen,1
F,Cynthia,1
F,Alliyah,1
F,Mazea,1
F,Sénia,1
F,Simarpreet,1
F,Pia,1
F,Maida,1
F,Txissola,1
F,Imayame,1
F,Seara,1
F,Brianna,1
F,Naia,1
F,Jeshmi,1
F,Vadilsa,1
F,Lorie,1
F,Annaluz,1
F,Allice,1
F,Aamna,1
F,Hassanatou,1
F,Zenaide,1
F,Natércia,1
F,Josemara,1
F,Hayla,1
F,Khadidiato,1
F,Purvi,1
F,Wilfania,1
F,Késsia,1
F,Alexanne,1
F,Helena-Edi,1
F,Kiratiya,1
F,Raisa,1
F,Minka,1
F,Ivanna,1
F,Bigya,1
F,Estir,1
F,Monica,1
F,Cailany,1
F,Destiny,1
F,Thaynara,1
F,Nelciane,1
F,Yunilsa,1
F,Xila,1
F,kyara,1
F,Dyanne,1
F,Salome,1
F,Atena,1
F,Weza,1
F,Khiara,1
F,Elise,1
F,Anika,1
F,Mehak,1
F,Yasmira,1
F,Jannah,1
F,Candice,1
F,Velisha,1
F,Yaël,1
F,Divhya,1
F,Szabrina,1
F,Hedji,1
F,Hélcia,1
F,Anaíss,1
F,Cadijatu,1
F,Talita,1
F,Eloísa,1
F,Jayde,1
F,Fauzi,1
F,Nhalim,1
F,Ying,1
F,Yaqi,1
F,Jessana,1
F,Catharina,1
F,Harleen,1
F,Jaciara,1
F,Aitana,1
F,Hayat,1
F,Leya,1
F,Maggui,1
F,Elayne,1
F,Áquila,1
F,Rubyana,1
F,Yi,1
F,Dana,1
F,Ellena,1
F,Hassatou,1
F,Arsénia,1
F,Asvi,1
F,Poliana,1
F,Iacénia,1
F,Izidora,1
F,Túlia,1
F,Vacilissa,1
F,Mikaelly,1
F,Loide,1
F,Otniela,1
F,Ella-Rae,1
F,Yachne,1
F,Natshara,1
F,Aizimara,1
F,Virna,1
F,Ci,1
F,Mahdia,1
F,Lianny,1
F,Neidiane,1
F,Maéline,1
F,Evellyn,1
F,Natchala,1
F,Rebeca-Andreea,1
F,Xavia,1
F,Ranya,1
F,Bryanna,1
F,Alannah,1
F,Joaquina,1
F,Ramatoullaye,1
F,Suryane,1
F,Nayeli,1
F,Macarena,1
F,Ariadna,1
F,Tabassom,1
F,Keissy,1
F,Zoey,1
F,Adelvia,1
F,Adalgiza,1
F,Wilmara,1
F,Deodata,1
F,Laidija,1
F,Amara,1
F,Zury,1
F,Thália,1
F,Varatchaya,1
F,Karimato,1
F,Manthima,1
F,Aashvi,1
F,Itiyani,1
F,Haydée,1
F,Imen,1
F,Catia,1
F,Alafair,1
F,Nadia,1
F,Edjane,1
F,Djalayne,1
F,Leonôr,1
F,Hurain,1
F,Pranshi,1
F,Aryana,1
F,Laysa,1
F,Tvaya,1
F,Gabrielli,1
F,Andriana,1
F,Nadya,1
F,Melania,1
F,Djara,1
F,Israa,1
F,Mellanye,1
F,Zuleica,1
F,Melynda,1
F,Aminadabe,1
F,Yanai,1
F,Foram,1
F,Rosamar,1
F,Blaydeti,1
F,En,1
F,Henriqueta,1
F,Chiziane,1
F,Assunção,1
F,Lucie,1
F,Ayanna,1
F,Perolah,1
F,Keylla,1
F,Magdalena,1
F,Irha,1
F,Siana,1
F,Cerasela,1
F,Noelia,1
F,Thais,1
F,Cristiane,1
F,Geashna,1
F,Yusandra,1
F,Maria-Luís,1
F,Soshthe,1
F,Mariamar,1
F,Shiqi,1
F,Jhulli,1
F,Heidy,1
F,Shirley,1
F,Ducelma,1
F,Rícia,1
F,Deborah,1
F,Jada,1
F,Késia,1
F,Feriel,1
F,Loreta,1
F,Oriany,1
F,Leonny,1
F,Talina,1
F,Marflor,1
F,Mélina,1
F,Íngride,1
F,Hebe,1
F,Miléna,1
F,Indira,1
F,Divine,1
F,Paris,1
F,Malaika,1
F,Sofi,1
F,Hariela,1
F,Emylle,1
F,Kaylen,1
F,Heloisa,1
F,Eléni,1
F,Adassa,1
F,Maisam,1
F,Yarong,1
F,Djamely,1
F,Maëva,1
F,Rhayssa,1
F,Eukene,1
F,Lucymar,1
F,Ligiane,1
F,Maeda,1
F,Aléxis,1
F,Natalina,1
F,Solomiya,1
F,Harneet,1
F,Parneet,1
F,Malía,1
F,Tsering,1
F,Cadidjato,1
F,Seynabou,1
F,Sury,1
F,Hália,1
F,Marline,1
F,Mufaro,1
F,Emmely,1
F,Julinha,1
F,Tanisha,1
F,Aaish,1
F,Ianny,1
F,Ary,1
F,Dadiva,1
F,Abril,1
F,Angie,1
F,Tida,1
F,Itzayana,1
F,Yriane,1
F,Lhayum,1
F,Cibelle,1
F,Sabina,1
F,Idíane,1
F,Kamila,1
F,Lyanie,1
F,Wenni,1
F,Filza,1
F,Francine,1
F,Adla,1
F,Fani,1
F,Yasmina,1
F,Meghan,1
F,Maguette,1
F,Esenia,1
F,Summayiah,1
F,Diamantina,1
F,Achia,1
F,Yana,1
F,Elcana,1
F,Oarpa,1
F,Suvana,1
F,Romana,1
F,Khaleesi,1
F,Miftaul,1
F,Parmit,1
F,Maristela,1
F,Aryna,1
F,Elle,1
F,Hilária,1
F,Yanice,1
F,Louison,1
F,Dura,1
F,Harnoor,1
F,Zeinea,1
F,Névia,1
F,Milinda,1
F,Ludima,1
F,Anna-Carolina,1
F,Kausar,1
F,Yásmine,1
F,Rihanna,1
F,Nourhane,1
F,Haziela,1
F,Dahira,1
F,Ainhoa,1
F,Ekati,1
F,Synne,1
F,Kayleigh,1
F,Nalaan,1
F,Farah,1
F,Andersa,1
F,Giada,1
F,Gianna,1
F,Marianna,1
F,Cacilda,1
F,Jadsleia,1
F,Enora,1
F,Izabel,1
F,Wiryam,1
F,Aishwarya,1
F,Paolla,1
F,Wilsia,1
F,Jacquelina,1
F,Naíde,1
F,Afonsa,1
F,Merydjene,1
F,Urvi,1
F,Leona,1
F,Ticiane,1
F,Taisiya,1
F,Feyme,1
F,Giana,1
F,Purvika,1
F,Loucia,1
F,Egali,1
F,Ayani,1
F,Ilona,1
F,Rosalie,1
F,Antonela,1
F,Rachaell,1
F,Manhaafrose,1
F,Shayanne,1
F,Juline,1
F,Deiselin,1
F,Nelly,1
F,Nauandy,1
F,Solomia,1
F,Valentyna,1
F,Marycel,1
F,Tamina,1
F,Cibele,1
F,Ândrya,1
F,Vanísa,1
F,Samanu,1
F,Nadja,1
F,Ludiany,1
F,Mansirat,1
F,Tempérance,1
F,Nerea,1
F,Amira,1
F,Dhara,1
F,Soline,1
F,Emelie,1
F,Skyeah,1
F,Yoanna,1
F,Deusa,1
F,Didiana,1
F,Naiane,1
F,Aizah,1
F,Harjot,1
F,Isabelly,1
F,Keilane,1
F,Emanuelly,1
F,Louise,1
F,Devi,1
F,Lyara,1
F,Hasana,1
F,María,1
F,Klaudia,1
F,Thyanne,1
F,Brighitte,1
F,Kiana,1
F,Diriane,1
F,Deepsikha,1
F,Gursimaran,1
F,Margariga,1
F,Aylin,1
F,Emmanuela,1
F,Melyssa,1
F,Nyhara,1
F,Haja,1
F,Ilayda,1
F,Netka,1
F,Segufta,1
F,Claudina,1
F,Melodie,1
F,Kyarah,1
F,Melânia,1
F,Ganjina,1
F,Nectaria,1
F,Ayala,1
F,Taisiea,1
F,Assiatou,1
F,Nyara,1
F,Djenyfer,1
F,Viola,1
F,Rinoyshka,1
F,Archel,1
F,Dhiya,1
F,Núbia,1
F,Leonara,1
F,Yuxuan,1
F,Mutiara,1
F,Yaresi,1
F,Bintou,1
F,Cristele,1
F,Anaela,1
F,Karynne,1
F,Nuriya,1
F,Ranielly,1
F,Alitaah,1
F,Nelcy,1
F,Ruelma,1
F,Mansi,1
F,Germália,1
F,Nurisha,1
F,Dóris,1
F,Abigael,1
F,Rosália,1
F,Evely,1
F,Maryana,1
F,Génesis,1
F,Kimora,1
F,Silvia,1
F,Nirina,1
F,Haniele,1
F,Mabel,1
F,Dayline,1
F,Keliany,1
F,Arabela,1
F,Iriana,1
F,Dineia,1
F,Jia,1
F,Nadezhda,1
F,Estefânia,1
F,Luriam,1
F,Ohana,1
F,Solomiia,1
F,Yaniris,1
F,Shu,1
F,Juanita,1
F,Darsika,1
F,Aatika,1
F,Leyane,1
F,Liv,1
F,Estevana,1
F,Aryanna,1
F,Sibila,1
F,Jeovania,1
F,Elga,1
F,Duarta,1
F,Kyanna,1
F,Le,1
F,Prishu,1
F,Nesilita,1
F,Indya,1
F,Suhana,1
F,Khaila,1
F,Isabelli,1
F,Estella,1
F,Keliane,1
F,Karinna,1
F,Aldaísa,1
F,Karoline,1
F,Misaela,1
F,Cimara,1
F,Subhashree,1
F,Hariane,1
F,Agustina,1
F,Sehajleen,1
F,Danielle,1
F,Saionara,1
F,Djaymily,1
F,Shantel,1
F,Aïda,1
F,Mehjabeen,1
F,Vanshika,1
F,Djamila,1
F,Citlali,1
F,Anghelina,1
F,Harvi,1
F,Armanda,1
F,Sunto,1
F,Katelynn,1
F,Excel,1
F,Tanveer,1
F,Fajar,1
F,Shafa,1
F,Ciliza,1
F,Kálida,1
F,Dalinda,1
F,Gurleen,1
F,lonela,1
F,Luane,1
F,Gina,1
F,Awayhame,1
F,Roshni,1
F,Baanipreet,1
F,Esperanza,1
F,Emelly,1
F,Manasvi,1
F,Henyan,1
F,Samarah,1
F,Dainy,1
F,Maëlys,1
F,Anabel,1
F,Katalleya,1
F,Tchawi,1
F,Alika,1
F,Jaqueline,1
F,Yula,1
F,Samavia,1
F,Jasmim,1
F,Rachael,1
F,Nkula,1
F,Sienna-Joan,1
F,Liciana,1
F,Illyana,1
F,Laetitia,1
F,Niki,1
F,Rosalina,1
F,Admin,1
F,Mabrouka,1
F,Luciene,1
F,Mama,1
F,Katie,1
F,Jane,1
F,Ranessa,1
F,Cidália,1
F,Gracie,1
F,Hosana,1
F,Isabelina,1
F,Foricusa,1
F,Kinia,1
F,Mathilda,1
F,Fabrizia,1
F,Paulina,1
F,Ananya,1
F,Thainara,1
F,Zabdi,1
F,Camélia,1
F,Gleich,1
F,Hislene,1
F,Lays,1
F,Lyanne,1
F,Eslin,1
F,Tara,1
F,Noah,1
F,Contança,1
F,Jani,1
F,Shayná,1
F,Rihana,1
F,Ella-Luena,1
F,Emi,1
F,Naèva,1
F,Ellana,1
F,Florbela,1
F,Selénia,1
F,Jeciani,1
F,Aldina,1
F,Firdaws,1
F,Shaíza,1
F,Anabia,1
F,Deema,1
F,Sacha,1
F,Edzana,1
F,Ilizany,1
F,Khloe,1
F,Surany,1
F,Varuksha,1
F,Ainoah,1
F,Harshit,1
F,Marciana,1
F,Layssa,1
F,Adyenne,1
F,Meiyi,1
F,Jaydin,1
F,Otchali,1
F,Kheylla,1
F,Rayana,1
F,Saanvi,1
F,Taciana,1
F,Lweji,1
F,Aneide,1
F,Suncar,1
F,Miria,1
F,Neidiany,1
F,Atika,1
F,Karin,1
F,Mariane,1
F,Joelcia,1
F,Jailsa,1
F,Camelia,1
F,Jeanete,1
F,Elettra,1
F,Jacyara,1
F,Mirna,1
F,Jemima,1
F,Prezia,1
F,Tayssa,1
F,Suzie,1
F,Gislaine,1
F,Aiza,1
F,Lua-Anu,1
F,Raycha,1
F,Olimpia,1
F,Marija,1
F,Lwena,1
F,Bryana,1
F,Viya,1
F,Tainara,1
F,Innayat,1
F,Edanna,1
F,Liliany,1
F,Luciena,1
F,Edine,1
F,Roxane,1
F,Verginiya,1
F,Naysha,1
F,Mymouna,1
F,Cataleya,1
F,Lidiane,1
F,Schayenne,1
F,Daryna,1
F,Ágatha,1
F,Émily,1
F,Enya,1
F,Anaisa,1
F,Abhinaya,1
F,Zahary,1
F,Hayah,1
F,Janete,1
F,Valcikleny,1
F,Lisdalyne,1
F,Elaisa,1
F,Layara,1
F,Kariany,1
F,Ivânia,1
F,Jackline,1
F,Malu,1
F,Cherry,1
F,Jeidy,1
F,Na,1
F,Scarllet,1
F,Jomila-Lucía,1
F,Yoélia,1
F,Franciela,1
F,Thérése,1
F,LEONOR,1
F,Caylainy,1
F,Lunna,1
F,Surya,1
F,Raiane,1
F,Romina,1
F,Nuélia,1
F,Yassmin,1
F,Sidhak,1
F,Lauryane,1
F,Micheli,1
F,Ditene,1
F,Willciany,1
F,Sabaahat,1
F,Nayr,1
F,Kédiany,1
F,Lumena,1
F,Laissa,1
F,Anuque,1
F,Jeisiane,1
F,Krishna,1
F,Krisha,1
F,Ivanilsa,1
F,Edda,1
F,Alisiya,1
F,Sumaia,1
F,Helene,1
F,Lylian,1
F,Carlos,1
F,Mayana,1
F,Shakila,1
F,Sâmia,1
F,Tiffany,1
F,Tina,1
F,Weziyane,1
F,Geanina,1
F,Krisma,1
F,Rubina,1
F,Quezia,1
F,Faatima,1
F,Harseerat,1
F,Aaliya,1
F,Quiana,1
F,Saly,1
F,Zaida,1
F,Alyanna,1
F,Lânica,1
F,Elisiane,1
F,Daizy,1
F,Elieta,1
F,Adelle,1
F,Nelsa,1
F,Amirah,1
F,Kelen,1
F,Dahaiana,1
F,Pranavi,1
F,Sueli,1
F,Lucía,1
F,Lucília,1
F,Ima,1
F,Herminiana,1
F,Safaa,1
F,Jumina,1
F,Imaan,1
F,Gursirat,1
F,Kaylin,1
F,Elouise,1
F,Rossandra,1
F,Paola,1
F,Gaitana,1
F,Akyra,1
F,Aluiny,1
F,Livia,1
F,Elina,1
F,Jannatul,1
F,Lanna,1
F,Yuval,1
F,Kaylla,1
F,Zenilda,1
F,Hellen,1
F,Samily,1
F,Estelle,1
F,Cerys,1
F,Neivalda,1
F,Cleiliana,1
F,Zenna,1
F,Berenice,1
F,Madail,1
F,Joseany,1
F,Anaïsse,1
F,Elyanna,1
F,Amaia,1
F,Debbora,1
F,Aissatú,1
F,Man,1
F,Jayed,1
F,Japji,1
F,Mahideep,1
F,Grazielly,1
F,Anny,1
F,Daiana,1
F,Letissia,1
F,Edlynne,1
F,Jeanine,1
F,Ilinca,1
F,Emilia,1
F,Mei,1
F,Pamela,1
F,Arianna,1
F,Tomomi,1
F,Idália,1
F,Nigeta,1
F,Jashandeep,1
F,Roziane,1
F,Priyanshi,1
F,Zooey,1
F,Annie,1
F,Quessia,1
F,Jannat,1
F,Nicoly,1
F,Lwezzy,1
F,Ouxuan,1
F,Jihane,1
F,Surbani,1
F,Yiyi,1
F,Ivanise,1
F,Adriele,1
F,Saffira,1
F,Radija,1
F,Aryhel,1
F,Filippa,1
F,Gyovanna,1
F,Layena,1
F,Luara,1
F,Gabryella,1
F,Vivien,1
F,Bebiana,1
F,Mayce,1
F,Ojasvi,1
F,Awa,1
F,Pettra,1
F,Catrina,1
F,Eléa,1
F,Jonyfer,1
F,Rhuana,1
F,Kadidjatou,1
F,Daizara,1
F,Qiana,1
F,Lenise,1
F,Dilbar,1
F,Aíko,1
F,Niara,1
F,Kenzi,1
F,Wilma,1
F,Nkiame,1
F,Catyleia,1
F,Zayra,1
F,Haianne,1
F,Yazmine,1
F,Djestiny,1
F,Olga,1
F,Yolanda,1
F,Hedviges,1
F,Anayah,1
F,Andra-Ioana,1
F,Arsh,1
F,Ruhanika,1
F,Roshalreet,1
F,Johanna,1
F,Silvéria,1
F,Eulina,1
F,Nhiblo,1
F,Kija,1
F,Marciela,1
F,Kristelle,1
F,Janaina,1
F,Yoana,1
F,Chriszane,1
F,Basant,1
F,Heliana,1
F,Yaye,1
F,Linette,1
F,Henedina,1
F,Kadiatou,1
F,Anaíze,1
F,Sendy,1
F,Ambre,1
F,Gênesis,1
F,Grabriela,1
F,Irma,1
F,Sádiya,1
F,Sirisha,1
F,Xinyao,1
F,Aidin,1
F,Nikole,1
F,Amber,1
F,Suzanne,1
F,Elisete,1
F,Yelyzaveta,1
F,Valeska,1
F,Cécile,1
F,Jenaína,1
F,Amarachi,1
F,Efsun,1
F,Henriette,1
F,Sesili,1
F,Raylla,1
F,Kishani,1
F,Haylla,1
F,Yadira,1
F,Jocyara,1
F,Dimana,1
F,Maeva,1
F,Katharina,1
F,Xi,1
F,Ruhiyah,1
F,Vítória,1
F,Leane,1
F,Horrana,1
F,Shanaya,1
F,Mical,1
F,Jaddy,1
F,Kaelyn,1
F,Yesly,1
F,Gislene,1
F,Kámya,1
F,Scarlet,1
F,Deva,1
F,Rickyana,1
F,Edina,1
F,Inaaya,1
F,Anércia,1
F,Yeve,1
F,Ysabella,1
F,Necline,1
F,Kayssa,1
F,Sonilda,1
F,Nhangi,1
F,Ileana,1
F,Jewel,1
F,Clementine,1
F,Manaia,1
F,Kassie,1
F,Cadijá,1
F,Kiamy,1
F,Megan,1
F,Vallentyna,1
F,Ruixiao,1
F,Aguinalda,1
F,Adele,1
F,Ya,1
F,Marieta,1
F,Rijula,1
F,Laiyanne,1
F,Priscianne,1
F,Nayanka,1
F,Hareem,1
F,Adelyna,1
F,Aymê,1
F,Ayami,1
F,Dádiva,1
F,Neise,1
F,Izaine,1
F,Océane,1
F,Wailani,1
F,Pietra,1
F,Kássia,1
F,Daenerys,1
F,Agatha,1
F,Hayden,1
F,Oana,1
F,Candy,1
F,Georgina,1
F,Eline,1
F,Maal,1
F,Raseel,1
F,Léanna,1
F,Gena,1
F,Janne,1
F,Wilta,1
F,Agnia,1
F,Beline,1
F,Etsana,1
F,Rubsyn,1
F,Abinara,1
F,Darina,1
F,Rushafi,1
F,Sheng,1
F,Gracinda,1
F,Cayetana,1
F,Mycaella,1
F,Priscilla,1
F,Azura,1
F,Diany,1
F,Dayanne,1
F,Faira,1
F,Gurnoor,1
F,Ines,1
F,Keissim,1
F,Césarda,1
F,Agneta,1
F,Darpana,1
F,Izdínya,1
F,Josélia,1
F,Laíssa,1
F,Kâssya,1
F,Azul,1
F,Jucemara,1
F,Azka,1
F,Yasaswi,1
F,Vanica,1
F,Rauanny,1
F,Adrielle,1
F,Inaya,1
F,Tírsia,1
F,Rahma,1
F,Krishti,1
F,Ainny,1
F,Aldana,1
F,Leea-Miriam,1
F,Thacyla,1
F,Wayame,1
F,Evgeniya,1
F,Rachel,1
F,Naleyde,1
F,Anya,1
F,Brunilde,1
F,Vanusa,1
F,Njolela,1
F,Ediana,1
F,Laine,1
F,Claudia,1
F,Josana,1
F,Dária,1
F,Krishpa,1
F,Lúriah,1
F,Erioluwa,1
F,Alciany,1
F,Sukeny,1
F,Andressa,1
F,Alania,1
F,Vladyslava,1
F,Liduína,1
F,Zinaida,1
F,MARA,1
F,Sibelle,1
F,Geovanna,1
F,Amalia,1
F,Sira,1
F,Helda,1
F,Ayssa,1
F,Lucile,1
F,Kayani,1
F,Catherine,1
F,Tuzolana,1
F,Mayza,1
F,Aniana,1
F,Tanok,1
F,Laisa,1
F,Smily,1
F,Lissa,1
F,Vittoria,1
F,Álcya,1
F,Bohdana,1
F,Naïara,1
F,Madercia,1
F,Rabab,1
F,Eugenia,1
F,Mileide,1
F,Raiba,1
F,Ìris,1
F,Xuantong,1
F,Iaraslava,1
F,Ishaani,1
F,Brooklyn,1
F,Yasmini,1
F,Hillary,1
F,Vriya,1
F,Andreajacint,1
F,Alyne,1
F,Muqadas,1
F,Rochoyeta,1
I,Santiago,1
M,João,1932
M,Martim,1778
M,Rodrigo,1666
M,Santiago,1632
M,Francisco,1593
M,Afonso,1439
M,Tomás,1409
M,Miguel,1271
M,Guilherme,1187
M,Gabriel,1143
M,Duarte,1127
M,Gonçalo,1106
M,Pedro,1065
M,Tiago,1039
M,Rafael,1033
M,Diogo,999
M,Lourenço,993
M,Lucas,951
M,Dinis,912
M,Salvador,890
M,Vicente,789
M,Gustavo,776
M,Simão,752
M,José,672
M,David,660
M,Diego,584
M,Daniel,574
M,Mateus,541
M,André,529
M,António,499
M,Manuel,493
M,Henrique,474
M,Vasco,460
M,Leonardo,414
M,Bernardo,379
M,Luís,368
M,Enzo,346
M,Eduardo,334
M,Leandro,248
M,Alexandre,240
M,Matias,239
M,Rúben,212
M,Ricardo,210
M,Isaac,208
M,Xavier,200
M,Filipe,197
M,Samuel,191
M,Bruno,173
M,Carlos,148
M,Nuno,146
M,Hugo,129
M,Artur,127
M,Rui,125
M,Sebastião,110
M,Frederico,106
M,Davi,100
M,Kevin,88
M,Jorge,87
M,Paulo,85
M,Valentim,82
M,Fábio,79
M,Mário,77
M,Noah,74
M,Marco,74
M,Micael,73
M,Ivan,73
M,Ângelo,72
M,Kévim,69
M,Brian,67
M,Joaquim,67
M,Cristiano,59
M,Renato,57
M,Ivo,51
M,Tomé,51
M,Sérgio,51
M,Edgar,50
M,Jaime,48
M,Gil,47
M,Benjamim,47
M,Lisandro,46
M,William,46
M,Joel,45
M,Fernando,45
M,Manel,43
M,César,43
M,Bryan,42
M,Luca,41
M,Gaspar,39
M,Igor,36
M,Vítor,34
M,Dilan,34
M,Emanuel,33
M,Marcelo,31
M,Wilson,31
M,Sandro,30
M,Cláudio,30
M,Arthur,29
M,Martinho,29
M,Lorenzo,29
M,Alex,29
M,Yuri,28
M,Nelson,28
M,Denis,28
M,Eric,27
M,Romeu,27
M,Álvaro,27
M,Leo,26
M,Muhammad,26
M,Victor,26
M,Martin,25
M,Caio,24
M,Erik,24
M,Isac,24
M,Ian,23
M,Ismael,23
M,Raúl,23
M,Moisés,23
M,Marcos,23
M,Mauro,23
M,Liam,23
M,Elias,23
M,Jonas,22
M,Levi,22
M,Thomas,22
M,Josué,21
M,Kelvin,21
M,Christian,20
M,Matheus,20
M,Telmo,20
M,Dário,19
M,Danilo,19
M,Jonathan,19
M,Márcio,19
M,Thiago,19
M,Edson,19
M,Raphael,18
M,Dylan,18
M,Denzel,18
M,Jonatã,18
M,Flávio,18
M,Hélder,17
M,Júlio,17
M,Raul,17
M,James,16
M,Gerson,16
M,Giovani,15
M,Ruben,15
M,Abel,14
M,Roberto,14
M,Fausto,14
M,Misael,14
M,Leonel,14
M,Sebastian,13
M,Rubim,13
M,Luan,13
M,Isaque,13
M,Joshua,13
M,Benjamin,12
M,Augusto,12
M,Andrei,12
M,Jason,12
M,Luciano,12
M,Luis,12
M,Domingos,11
M,Nicolau,11
M,Israel,11
M,Erick,11
M,Maurício,11
M,Anselmo,11
M,Mohamed,11
M,Alberto,11
M,Ary,10
M,Rogério,10
M,Iago,10
M,Júnior,10
M,Cauã,10
M,Mateo,10
M,Mark,10
M,Valentino,10
M,Iúri,10
M,Cristian,10
M,Adam,10
M,Amadeu,10
M,Adriano,10
M,Anderson,10
M,Joabe,10
M,Nathan,10
M,Adrian,10
M,Alan,9
M,Quévin,9
M,Evandro,9
M,Noé,9
M,Maxim,9
M,Ryan,9
M,Gastão,9
M,Steven,9
M,Theo,9
M,Raphaël,8
M,Aaron,8
M,Óscar,8
M,Breno,8
M,Nicolas,8
M,Estêvão,8
M,Félix,8
M,Natanael,8
M,Fabrício,8
M,Samir,8
M,Kenzo,8
M,Damião,8
M,Cristóvão,8
M,Jeremias,8
M,Jónatas,7
M,Mickael,7
M,Alexandru,7
M,Bento,7
M,Adriel,7
M,Patrick,7
M,Angélico,7
M,Alfredo,7
M,Martín,7
M,Alessandro,7
M,Aron,7
M,Alexandro,7
M,Ari,7
M,Jayden,7
M,Nikita,7
M,Oliver,7
M,Hélio,7
M,Mohammad,7
M,Luiz,7
M,Mathias,7
M,Ethan,7
M,Omar,7
M,Lukas,7
M,Pablo,6
M,Evan,6
M,Darius,6
M,Jair,6
M,Vitor,6
M,Celso,6
M,Marlon,6
M,Amílcar,6
M,Marley,6
M,Lázaro,6
M,Nilton,6
M,Jesus,6
M,Haniel,6
M,Serafim,6
M,Caetano,6
M,Michael,6
M,Axel,6
M,Eugénio,6
M,Jessé,6
M,Théo,6
M,Rayan,6
M,Vladyslav,6
M,Zion,6
M,Baltasar,6
M,Kayden,6
M,Stefan,5
M,Valentin,5
M,Ezequiel,5
M,Andrey,5
M,Heitor,5
M,Giovanni,5
M,Adrien,5
M,Helder,5
M,Adolfo,5
M,Tito,5
M,Jairo,5
M,Felipe,5
M,Eliel,5
M,Tobias,5
M,Antonio,5
M,Patrício,5
M,Wesley,5
M,Robert,5
M,Ianis,5
M,Válter,5
M,Kaio,5
M,Juan,5
M,Janai,5
M,Aléxis,5
M,Kauã,5
M,Lourenzo,5
M,Lukeny,5
M,Marcus,5
M,Enrique,5
M,Amir,5
M,Mamadou,5
M,Máximo,5
M,Ravi,4
M,Alexander,4
M,Otto,4
M,Yago,4
M,Fred,4
M,George,4
M,Rúdi,4
M,Eduard,4
M,Damian,4
M,Angel,4
M,Maksym,4
M,Matteo,4
M,Teodoro,4
M,Inácio,4
M,Nicholas,4
M,Ionut,4
M,Ahmad,4
M,Azael,4
M,Fabiano,4
M,Hazael,4
M,Danil,4
M,Armindo,4
M,Lúcio,4
M,Ramiro,4
M,Alexis,4
M,Kennedy,4
M,Eliezer,4
M,Maksim,4
M,Isael,4
M,Nadir,4
M,Saulo,4
M,Diamantino,4
M,Leonard,4
M,Emmanuel,4
M,Walter,4
M,Logan,4
M,Rubén,4
M,Salomão,4
M,Kendrick,4
M,Aires,4
M,Pietro,4
M,Harry,4
M,Kiesse,4
M,Kauan,4
M,Kelson,4
M,Davide,4
M,Vincent,4
M,Edmundo,4
M,Agostinho,4
M,Armando,4
M,Max,4
M,Marius,4
M,Ibrahima,4
M,Matei,4
M,Gui,4
M,Jefferson,4
M,Uriel,4
M,Elvis,4
M,Deivid,4
M,Dominic,4
M,Damien,4
M,Luka,3
M,Mathéo,3
M,Ahmed,3
M,Willian,3
M,Dmytro,3
M,Albert,3
M,Romeo,3
M,Danilson,3
M,Mario,3
M,Julião,3
M,Jailson,3
M,Léo,3
M,Bráulio,3
M,Josias,3
M,Kévin,3
M,Tom,3
M,Horácio,3
M,Adonai,3
M,Lucca,3
M,Marvin,3
M,Eli,3
M,Aryan,3
M,Liedson,3
M,Tomaz,3
M,Bartolomeu,3
M,Valter,3
M,Nataniel,3
M,Mikael,3
M,Romão,3
M,Lopo,3
M,Aiden,3
M,Jordano,3
M,Dario,3
M,Mike,3
M,Gilson,3
M,Zi,3
M,Nikolay,3
M,Yaroslav,3
M,Ibrahim,3
M,Américo,3
M,Sancho,3
M,Francesco,3
M,Léandro,3
M,Camilo,3
M,Leon,3
M,Tristão,3
M,Matviy,3
M,Tierri,3
M,Sami,3
M,Viktor,3
M,Rodolfo,3
M,Luigi,3
M,Baltazar,3
M,Nícolas,3
M,Dany,3
M,Giani,3
M,Dennis,3
M,Élton,3
M,Eusébio,3
M,Viriato,3
M,Adner,3
M,Milan,3
M,Amândio,3
M,Messias,3
M,Alejandro,3
M,Riquelme,3
M,Denilson,3
M,Mason,3
M,Ion,3
M,Apolo,3
M,Orlando,3
M,Antoine,3
M,Ilídio,3
M,Luke,3
M,Ebenezer,3
M,Mathis,3
M,Ayaan,3
M,Artem,3
M,Delfim,3
M,Xin,3
M,Jun,3
M,Brayan,3
M,Abner,3
M,Édi,3
M,Keven,3
M,Louis,3
M,Jordan,3
M,Haider,3
M,Sílvio,3
M,Isandro,3
M,Estevão,3
M,Helmer,2
M,Ivanilson,2
M,Wilker,2
M,Arlo,2
M,Dimitri,2
M,Fabian,2
M,Jaden,2
M,Javier,2
M,Giovanny,2
M,Marian,2
M,Ayan,2
M,Kael,2
M,Issa,2
M,Marcelino,2
M,Kai,2
M,Alexsandro,2
M,Ruslan,2
M,Ekam,2
M,Énio,2
M,Aziel,2
M,Helton,2
M,Ewan,2
M,Gheorghe,2
M,Timóteo,2
M,Joseph,2
M,Kienda,2
M,Júnio,2
M,Jay,2
M,Eros,2
M,Rómulo,2
M,Nayan,2
M,Mauri,2
M,Aleksander,2
M,Tadey,2
M,Kian,2
M,Julian,2
M,Jhon,2
M,Abraão,2
M,Mílton,2
M,Dionísio,2
M,Dumitru,2
M,Erikson,2
M,Ziyad,2
M,Alcides,2
M,Herlander,2
M,Geovanni,2
M,Saúl,2
M,Loïc,2
M,Nilson,2
M,Jules,2
M,Isaías,2
M,Efraim,2
M,Ednilson,2
M,Kimi,2
M,Olivier,2
M,Kiary,2
M,Federico,2
M,Djibril,2
M,Mamadu,2
M,Ludgero,2
M,Aurélio,2
M,Anilson,2
M,Ewerton,2
M,Derick,2
M,Elisei,2
M,Stéphane,2
M,Mayson,2
M,Colin,2
M,Maximilian,2
M,Youssef,2
M,Henry,2
M,Kyle,2
M,Ramon,2
M,Yannick,2
M,Aayan,2
M,Manraj,2
M,Ranveer,2
M,Giovany,2
M,Syed,2
M,Sidnei,2
M,Nicodemos,2
M,Oleksandr,2
M,Maxwell,2
M,Donovan,2
M,Jacinto,2
M,Diniz,2
M,Melvin,2
M,Aquiles,2
M,Abdul,2
M,Roman,2
M,Braima,2
M,Éder,2
M,Kelton,2
M,Emiliano,2
M,Oumar,2
M,Jaelson,2
M,Thomaz,2
M,Umar,2
M,Tristan,2
M,Riaan,2
M,Antônio,2
M,Alin,2
M,Arlindo,2
M,Toni,2
M,Martino,2
M,Jerónimo,2
M,Élio,2
M,Filip,2
M,Prem,2
M,Andriy,2
M,Lionel,2
M,Adérito,2
M,Elísio,2
M,Yann,2
M,Arman,2
M,Aleksandar,2
M,Nélson,2
M,Matvey,2
M,Adryan,2
M,Peter,2
M,Ruan,2
M,Sidney,2
M,Oscar,2
M,Élsio,2
M,Neemias,2
M,Sean,2
M,Antonino,2
M,Jardel,2
M,Bogdan,2
M,Manassés,2
M,Charles,2
M,Gael,2
M,Reinaldo,2
M,Laerte,2
M,Nicollas,2
M,Abdullah,2
M,Dante,2
M,Aleks,2
M,Nazário,2
M,Makar,2
M,Aidan,2
M,Dragos,2
M,Tadeu,2
M,Absalão,2
M,Mikhael,2
M,Dave,2
M,Alfie,2
M,Vladimir,2
M,Vinícius,2
M,Hendrick,2
M,Lian,2
M,François,2
M,Caíco,2
M,Juvenal,2
M,Murilo,2
M,Edmilson,2
M,Mikhail,2
M,Eurico,2
M,Jamal,2
M,Thierry,2
M,Aleksandr,2
M,Miron,2
M,Kiany,2
M,Aliu,2
M,Angelo,2
M,Sameer,2
M,Zoé,2
M,Stephan,2
M,Davidson,2
M,Hernâni,2
M,Silas,2
M,Olavo,2
M,Djeison,2
M,Jack,2
M,Gurfateh,2
M,Yulian,2
M,Charlie,2
M,Eliseu,2
M,Kendy,2
M,Artiom,2
M,Tommy,2
M,Fabio,2
M,Andy,2
M,Maurílio,2
M,Nishan,2
M,Edvaldo,2
M,Johnny,2
M,Kleydilson,2
M,Djayson,2
M,Nikolas,2
M,Razvan,2
M,Abílio,2
M,Ekamjot,2
M,Austin,2
M,Arsenie,2
M,Aldo,2
M,Riyan,2
M,Magno,2
M,Djemo,1
M,Sulaiman,1
M,Abducadre,1
M,Ioann,1
M,Rachido,1
M,Braiden,1
M,Braimy,1
M,Diokine,1
M,Gurniwaz,1
M,Raven,1
M,Ignacio,1
M,Prashanna,1
M,Lídio,1
M,Ahsan,1
M,Andreas,1
M,Dimitriy,1
M,Jonathas,1
M,Laerson,1
M,Cédric,1
M,Gonzaga,1
M,Tianyu,1
M,Kayu,1
M,Dawood,1
M,Mihail,1
M,Japjeet,1
M,Khael,1
M,Teodor,1
M,Jawad,1
M,Siddh,1
M,Seyed,1
M,Yuvraj,1
M,Eddy,1
M,Célio,1
M,Hai,1
M,Wayami,1
M,Matusalém,1
M,Eliabe,1
M,Elsandro,1
M,Rudran,1
M,Lukenny,1
M,Kiell,1
M,Pieter,1
M,Horus,1
M,Jayson,1
M,Anylson,1
M,Eddie,1
M,Kaillan,1
M,Sidónio,1
M,Saimon,1
M,Ricco,1
M,Aimar,1
M,Amirxon,1
M,Kenye,1
M,Walide,1
M,Rajvansh,1
M,Yihe,1
M,Skyllen,1
M,Ivandro,1
M,Adão,1
M,Sahej,1
M,Wallyson,1
M,Saidou,1
M,Gleb,1
M,Demian,1
M,Abir,1
M,Rhénan,1
M,Alfonso,1
M,Haojie,1
M,Adonay,1
M,Serhiy,1
M,Chizara,1
M,Harnav,1
M,Asan,1
M,Surmukh,1
M,Assis,1
M,Svyatoslav,1
M,Malcolm,1
M,Hianique,1
M,Tamás,1
M,Khadime,1
M,Patrik,1
M,Deolindo,1
M,Djaniny,1
M,Armand,1
M,Jasenio,1
M,Arnaldo,1
M,Ming,1
M,Danny,1
M,Kelvy,1
M,Om,1
M,Georgiy,1
M,Thulio,1
M,Emerson,1
M,Francemo,1
M,Mykhail,1
M,Alonso,1
M,Yerian,1
M,Deron,1
M,Serigne,1
M,Wetchari,1
M,Lachezar,1
M,Vanilson,1
M,Willson,1
M,Aramis,1
M,Dean,1
M,Anthony,1
M,Danylo,1
M,Helão,1
M,Bhavnoor,1
M,Mirson,1
M,Sesinando,1
M,Kuandi,1
M,Ibenekwume,1
M,Cheikhou,1
M,Florin,1
M,Hestin,1
M,Albertson,1
M,Clérigo,1
M,Jadson,1
M,Geronimo,1
M,Arkadii,1
M,Malvin,1
M,Baniran,1
M,Karing'ö,1
M,Társis,1
M,Ariel,1
M,Otchali,1
M,Marthin,1
M,Hermenegildo,1
M,Fabián,1
M,Hansel,1
M,Sukhraj,1
M,Redam,1
M,Joaz,1
M,Maddox,1
M,Raducu,1
M,Danielson,1
M,Gualter,1
M,Gurveer,1
M,Sisley,1
M,Man,1
M,Purav,1
M,Omboma,1
M,Damon,1
M,Eliézer,1
M,Marko,1
M,Yancho,1
M,Arin,1
M,Arad,1
M,Mohammed,1
M,Alceu,1
M,Jaiden,1
M,Endrick,1
M,Gaele,1
M,Harsaihaj,1
M,Sélio,1
M,Cícero,1
M,Baichuan,1
M,Zacaria,1
M,Adulsalami,1
M,Kunashe,1
M,Wanderley,1
M,Haziel,1
M,Nofil,1
M,Abraim,1
M,Puranjay,1
M,Presig,1
M,Cremildo,1
M,Àngel,1
M,Hassan,1
M,Naftali,1
M,Simon,1
M,Billy,1
M,Aahan,1
M,Sage,1
M,Kane,1
M,Edoardo,1
M,Alassane,1
M,Isaia,1
M,Denguel,1
M,Hussain,1
M,Mavi,1
M,Duani,1
M,Danieli,1
M,Finley,1
M,Kiese,1
M,Rony,1
M,Joseberto,1
M,Cornel,1
M,Fredyson,1
M,Selton,1
M,Parno,1
M,Slavi,1
M,Archie,1
M,Heiden,1
M,Shyam,1
M,Barack,1
M,Jarir,1
M,Willean,1
M,Alwin,1
M,Tushaar,1
M,Kyane,1
M,Kévan,1
M,Giuseppe,1
M,Veramin,1
M,Adelsan,1
M,Adelino,1
M,Taskin,1
M,Luri,1
M,Rifat,1
M,Dugério,1
M,MD,1
M,Amador,1
M,Kelvio,1
M,Zdravko,1
M,Maike,1
M,Siddártha,1
M,Jewilson,1
M,Carlosjonse,1
M,Nicodemo,1
M,Junkai,1
M,Ziyang,1
M,Iker,1
M,Dwini,1
M,Agnelo,1
M,Délcio,1
M,Mihir,1
M,Lisuarte,1
M,Matthew,1
M,Lukian,1
M,Izhan,1
M,Bibhor,1
M,Muhamad,1
M,Antony,1
M,Kahil,1
M,Yannis,1
M,Edilson,1
M,Evany,1
M,Belmar,1
M,Junior,1
M,Kélyan,1
M,Iek,1
M,Jonah,1
M,Paixão,1
M,Ronelka,1
M,Pável,1
M,Luqman,1
M,Laércio,1
M,Ntimashi,1
M,Riley,1
M,Tallys,1
M,Avijot,1
M,Lorenzzo,1
M,Reson,1
M,Kelve,1
M,Zichen,1
M,Edney,1
M,Kaleb,1
M,Arnísio,1
M,Orestis,1
M,Abdrahman,1
M,Finnegan,1
M,Nazir,1
M,Adónis,1
M,Érik,1
M,Bélcio,1
M,Ozodbek,1
M,Kizua,1
M,Tymofiy,1
M,Manthan,1
M,Laurentiu,1
M,Artimisio,1
M,Khristopher,1
M,Vishnuvardan,1
M,Franklim,1
M,Djeyson,1
M,Sergiu,1
M,Wigan,1
M,Airton,1
M,Henrik,1
M,Yohrán,1
M,Ahyaan,1
M,Markel,1
M,Ivaan,1
M,Lochlainn,1
M,Roque,1
M,Henri,1
M,Vitório,1
M,Pragad,1
M,Johel,1
M,Ebrima,1
M,Aedan,1
M,Ibraim,1
M,Zev,1
M,Ianes,1
M,Kayle,1
M,Belchior,1
M,Vinicius,1
M,Dominik,1
M,Rylan,1
M,Kush,1
M,Abdel,1
M,Euclides,1
M,Riquelmo,1
M,Siddhártha,1
M,Nani,1
M,Kamran,1
M,Dayel,1
M,Miroslav,1
M,Sabhar,1
M,Elson,1
M,Thierno,1
M,Zelani,1
M,Summer,1
M,Aureliano,1
M,Edi,1
M,Anton,1
M,Taylor,1
M,Luciel,1
M,Ghassan,1
M,Rumen,1
M,Dariu,1
M,Genilson,1
M,Kelcio,1
M,Hao,1
M,Wendi,1
M,Círlo,1
M,Afidjo,1
M,Keyson,1
M,Kayque,1
M,Garry,1
M,Arnab,1
M,Dishi,1
M,Deive,1
M,Letian,1
M,Ronak,1
M,Reece,1
M,Arteom,1
M,Aureo,1
M,Constantin,1
M,Abduramane,1
M,Jialin,1
M,Héritier,1
M,Ahnaf,1
M,Alpha,1
M,Ruzgyar,1
M,Aubin,1
M,Gurjap,1
M,Agrim,1
M,Mojo,1
M,Sthefan,1
M,Brunilson,1
M,Boris,1
M,Erickson,1
M,Chrishmiel,1
M,MD.,1
M,Altino,1
M,Rijan,1
M,Harley,1
M,Wagner,1
M,Gianni,1
M,Lior,1
M,Nirnaya,1
M,Egor,1
M,Tuttondele,1
M,Gianny,1
M,Cassiano,1
M,Zain,1
M,Helbert,1
M,Ederson,1
M,Adnal,1
M,Osni,1
M,Elisiário,1
M,Ahhad,1
M,Moussan,1
M,Rolland,1
M,Mahezu,1
M,Nemésio,1
M,Sasha,1
M,Ben-Hur,1
M,Jasnur,1
M,Jiaocheng,1
M,Aléxio,1
M,Gilchrist,1
M,Kahel,1
M,Kimon,1
M,Zael,1
M,Narsil,1
M,Hubert,1
M,Calvin,1
M,Ananias,1
M,Fenil,1
M,Liri,1
M,Paul-Alexandre,1
M,Tomáz,1
M,Aleksey,1
M,Ozgur,1
M,Omarson,1
M,Zinedine,1
M,Veid,1
M,Aaditya,1
M,Walker,1
M,Séraphin,1
M,Ayhame,1
M,Gary,1
M,Brainer,1
M,Andries,1
M,Virgínio,1
M,Romaldo,1
M,Filomeno,1
M,Namaro,1
M,Yasser,1
M,Alão,1
M,Nándor,1
M,Sálvio,1
M,Taaj,1
M,Djosi,1
M,Harvey,1
M,Beau,1
M,Ivanildo,1
M,Sarish,1
M,Krisht,1
M,Malick,1
M,Odin,1
M,Alcino,1
M,Basiru,1
M,Davih,1
M,Viaan,1
M,Mahamat,1
M,Kifáni,1
M,Odair,1
M,Saransh,1
M,Dillon,1
M,Niraj,1
M,Iter,1
M,Pak,1
M,Dhrumil,1
M,Kiamy,1
M,Francis,1
M,Fernão,1
M,Dérick,1
M,Swornim,1
M,Mustafa,1
M,Ioshua,1
M,Steve,1
M,Yohane,1
M,Mohamado,1
M,Michal,1
M,Liano,1
M,Vitaliy,1
M,Ibraima,1
M,Samik,1
M,Naksh,1
M,Rúbio,1
M,Ernest,1
M,Chi,1
M,Geovanny,1
M,Mehdi,1
M,Muamed,1
M,Iulian,1
M,Jabir,1
M,Jackmar,1
M,Toby,1
M,Dion,1
M,Jonatão,1
M,Alain,1
M,Alassana,1
M,Fredynilson,1
M,Sinaí,1
M,Alípio,1
M,Íven,1
M,Harfateh,1
M,Kostyantyn,1
M,Haile,1
M,Alcindo,1
M,Héber,1
M,Dembo,1
M,Yoanne,1
M,Phillip,1
M,Geraldino,1
M,Pranish,1
M,Gaell,1
M,Kétsonn,1
M,Horacio,1
M,Duarth,1
M,Nercio,1
M,Roger,1
M,Dauda,1
M,Tarek,1
M,Beto,1
M,Hilário,1
M,Manveer,1
M,Luati,1
M,Dionisio,1
M,Digvijay,1
M,Mitko,1
M,Rovy,1
M,Kaidi,1
M,Sajak,1
M,Vinson,1
M,Raheel,1
M,Abrar,1
M,Heorhiy,1
M,kelvin,1
M,Junayed,1
M,Nivaldo,1
M,Stiven,1
M,Yuriy,1
M,Travis,1
M,Wellington,1
M,Shivam,1
M,Philippe,1
M,Alexandr,1
M,Arnav,1
M,Áder,1
M,Hanza,1
M,Meyson,1
M,Jaque,1
M,Jeovane,1
M,Rukélnio,1
M,Floriano,1
M,Khaleed,1
M,Saidy,1
M,Marouane,1
M,Célsio,1
M,Faustino,1
M,Kiyan,1
M,Hashir,1
M,Cândido,1
M,Solimar,1
M,Valentyn,1
M,Riquelmer,1
M,Mirzobek,1
M,Hetiene,1
M,Caiel,1
M,Sopnil,1
M,Romerio,1
M,Deocliciano,1
M,Siaka,1
M,Teófilo,1
M,Estefano,1
M,Silvestre,1
M,Lyan,1
M,Timote,1
M,Jumiro,1
M,Davy,1
M,Gilberto,1
M,Giacomo,1
M,Cherno,1
M,Emyr,1
M,Tahir,1
M,Habacuque,1
M,Griffin,1
M,Aymen,1
M,Majd,1
M,Abou,1
M,German,1
M,Kamil,1
M,Markiyan,1
M,Preet,1
M,Iannis,1
M,Niccolo,1
M,Pei,1
M,Nash,1
M,Herman,1
M,Veniamin,1
M,Evann,1
M,Aayush,1
M,Willyam,1
M,Yanic,1
M,Theardis,1
M,Flynn,1
M,Daví,1
M,Hou,1
M,Gomme,1
M,Nitai,1
M,Caique,1
M,Arlie,1
M,Hemery,1
M,Jacques,1
M,Afeef,1
M,Luckas,1
M,Inocêncio,1
M,Cheikh,1
M,Lwane,1
M,Jorcel,1
M,Valério,1
M,Melquisedec,1
M,Athanasius,1
M,Valdir,1
M,Dúlio,1
M,Ruby,1
M,Radomir,1
M,Arif,1
M,Stefano,1
M,Cassian,1
M,Rudolf,1
M,AAron,1
M,Frederic,1
M,Léccio,1
M,Bastien,1
M,kevin,1
M,Urias,1
M,Brooklyn,1
M,Reuel,1
M,Dilker,1
M,Éktoras,1
M,Salvatore,1
M,Esandjo,1
M,Maryon,1
M,Idijezi,1
M,Lev,1
M,Eldimir,1
M,Issoumahilla,1
M,Valdo,1
M,Cooper,1
M,Nathaniel,1
M,Guilheme,1
M,Cleiton,1
M,Wellinton,1
M,Mayronne,1
M,Pratius,1
M,Romain,1
M,Yachan,1
M,Zacarias,1
M,Heinz,1
M,Umaru,1
M,Salimo,1
M,Elber,1
M,Yacine,1
M,Bachir,1
M,Arménio,1
M,Djassy,1
M,Aníbal,1
M,Armany,1
M,Oluali,1
M,Ezaquiel,1
M,Felismino,1
M,Benny,1
M,Domínico,1
M,Yuliano,1
M,Frederick,1
M,Petko,1
M,Krish,1
M,Hervê,1
M,Hriday,1
M,Jersy,1
M,Johandry,1
M,Raffaello,1
M,Yide,1
M,Ammar,1
M,Abrão,1
M,Reinamor,1
M,Jon,1
M,Gelried,1
M,Jiahao,1
M,Andria,1
M,Cristofe,1
M,Mueti,1
M,Nélio,1
M,Adriaan,1
M,Zaido,1
M,Aryun,1
M,Mingcheng,1
M,Daehan,1
M,Lívio,1
M,Amedeo,1
M,Ramsés,1
M,Hafez,1
M,Ramzy,1
M,Tcherstney,1
M,Dani,1
M,Oskar,1
M,Vadilson,1
M,Marcéu,1
M,Samori,1
M,Valdemir,1
M,Lemuel,1
M,Egas,1
M,Elói,1
M,Yanick,1
M,Jaxon,1
M,Eden,1
M,Veer,1
M,Jassjot,1
M,Rikelme,1
M,Stanislav,1
M,Natanyas,1
M,Velko,1
M,Israar,1
M,Nazar,1
M,Devin,1
M,Aniel,1
M,Neculai,1
M,Yanni,1
M,Melvy,1
M,Zeid,1
M,Gianlucca,1
M,Leny,1
M,Guido,1
M,Maezie,1
M,Maaz,1
M,Nawaz,1
M,Satyaki,1
M,Deodato,1
M,Dawoud,1
M,Sadman,1
M,Djaz,1
M,Samael,1
M,Amadi,1
M,Hélie,1
M,Schakir,1
M,Kauê,1
M,Etiandro,1
M,Saad,1
M,Ícaro,1
M,Ruy,1
M,Rick,1
M,Rubi,1
M,Elhadje,1
M,Quentin,1
M,Rayirth,1
M,Enio,1
M,Lino,1
M,Malam,1
M,Dinko,1
M,Kelvyn,1
M,Obiajulu,1
M,Aarón,1
M,Stepan,1
M,Leonídio,1
M,Sahibjit,1
M,Mesaque,1
M,An,1
M,Cyrus,1
M,Pretesh,1
M,Wally,1
M,Nuriel,1
M,Zidane,1
M,Joaquin,1
M,Andreo,1
M,Makaylo,1
M,Maksymilian,1
M,Dénis,1
M,Evans,1
M,Anílton,1
M,Atreyu,1
M,Ben,1
M,Yoan,1
M,Hristiyin,1
M,Ismail,1
M,Mouhamadou,1
M,Derrick,1
M,Nilo,1
M,Eshraak,1
M,Elio,1
M,Carmim,1
M,Bojidar,1
M,Yoshiv,1
M,Matías,1
M,Philip,1
M,Humberto,1
M,Dannyel,1
M,Eliot,1
M,Maldine,1
M,River,1
M,Cademo,1
M,Misaki,1
M,Naer,1
M,Shivakrish,1
M,Yahya,1
M,Eloizio,1
M,Eurilucio,1
M,Manvir,1
M,vítor,1
M,Kyami,1
M,Delvino,1
M,Yudi,1
M,Reytan,1
M,Rowan,1
M,Bambo,1
M,Rubis,1
M,Ronilson,1
M,Constantino,1
M,Yijun,1
M,Taarush,1
M,Saish,1
M,Amrit,1
M,Jiaming,1
M,Kenny,1
M,Rafique,1
M,Jérémy,1
M,Alison,1
M,Nedylson,1
M,Luccas,1
M,Keyan,1
M,Kaiser,1
M,Aaryan,1
M,Galo,1
M,Edan,1
M,Kaiwen,1
M,Dyllan,1
M,Ritalino,1
M,Miran,1
M,Kristopher,1
M,Braadon,1
M,Dwayne,1
M,Walner,1
M,Albino,1
M,Osmar,1
M,Ronaldo,1
M,Ernesto,1
M,Jake,1
M,Adeep,1
M,Marquelle,1
M,Enzhuo,1
M,Sanskar,1
M,Jesse,1
M,Azel,1
M,Valdemar,1
M,Kayel,1
M,Cailan,1
M,Gurkeerat,1
M,Keid,1
M,Jóni,1
M,Caleb,1
M,Mariano,1
M,Delmar,1
M,Adiel,1
M,Hector,1
M,Ali,1
M,Rayhan,1
M,Nikola,1
M,Malav,1
M,Nikolai,1
M,Neymar,1
M,Matz,1
M,Alibek,1
M,Iran,1
M,Elyel,1
M,Justo,1
M,Shaday,1
M,Javokhir,1
M,Erico,1
M,Nathanyel,1
M,Riyad,1
M,Mutu,1
M,Rubens,1
M,Rio,1
M,Dimitrios,1
M,Sebastien,1
M,Sven,1
M,Jaume,1
M,Antón,1
M,Wilfred,1
M,Léon,1
M,Hudson,1
M,Yohann,1
M,Anass,1
M,Cleidir,1
M,Yaarnel,1
M,Noa,1
M,Daymien,1
M,Tarik,1
M,Aloísio,1
M,Iristian,1
M,Maurice,1
M,Manav,1
M,Kiven,1
M,Feliciano,1
M,Chadi,1
M,Dérickson,1
M,Yi,1
M,Asher,1
M,Kendro,1
M,Steviandro,1
M,Gaio,1
M,Wilquer,1
M,Mivaan,1
M,Janus,1
M,Gustav,1
M,Lyubomyr,1
M,Cleber,1
M,Justice,1
M,Lucio,1
M,Masal,1
M,Nidhaan,1
M,Kirill,1
M,Imran,1
M,Adirson,1
M,Moróni,1
M,Laurenço,1
M,Koh,1
M,Eitor,1
M,Chen,1
M,Aécio,1
M,Ilia,1
M,Angelino,1
M,Gervásio,1
M,Megh,1
M,Amoljot,1
M,Késmen,1
M,Hari,1
M,Edgard,1
M,Claudiano,1
M,Nicoló,1
M,Aarav,1
M,Jackilson,1
M,Creation,1
M,Ventura,1
M,Hamzah,1
M,Seren,1
M,Jingxuan,1
M,Vili,1
M,Zein,1
M,Nevaan,1
M,Acácio,1
M,Janosch,1
M,Giorgi,1
M,Adelson,1
M,Nick,1
M,Jeyson,1
M,Zurik,1
M,Isa,1
M,Yassin,1
M,Dinarte,1
M,Chrystian,1
M,Gavriil,1
M,Hemilton,1
M,Ziran,1
M,Nimba,1
M,Ângel,1
M,Wilton,1
M,Kayo,1
M,Welder,1
M,Adil,1
M,Morvin,1
M,Dawid,1
M,Ticiano,1
M,Kemer,1
M,Milo,1
M,Ernani,1
M,Dino,1
M,Denish,1
M,Nedilson,1
M,Qihao,1
M,Zirong,1
M,Addison,1
M,Liandro,1
M,Talha,1
M,Swayam,1
M,Timofei,1
M,Krasimir,1
M,Mouhamed,1
M,Merlin,1
M,Kiril,1
M,Cilírio,1
M,Arsenii,1
M,Hetwik,1
M,Seng,1
M,Bastian,1
M,Bruce,1
M,Petr,1
M,Fabricio,1
M,Kaelson,1
M,Zachariah,1
M,Muzante,1
M,Hussnain,1
M,Gabriele,1
M,Cleidilson,1
M,Rafa,1
M,Kayron,1
M,Kelsonn,1
M,Altay,1
M,Julio,1
M,Cayron,1
M,Madu,1
M,Haicky,1
M,Rodan,1
M,Jetro,1
M,Elian,1
M,Aadi,1
M,Divyash,1
M,Santigo,1
M,Darque,1
M,Noel,1
M,Sarthak,1
M,Uta,1
M,Melqui,1
M,Samip,1
M,Dieudonné,1
M,Liwilson,1
M,Divanny,1
M,Ady,1
M,Mikayil,1
M,Adnav,1
M,Cristopher,1
M,Hridaan,1
M,Bóris,1
M,Jaxson,1
M,Abhinoor,1
M,Arsio,1
M,Alseny,1
M,Mykola,1
M,Custódio,1
M,Ceumir,1
M,Catalin,1
M,Lenine,1
M,Aly,1
M,Didier,1
M,Nihal,1
M,Nilroib,1
M,Edmar,1
M,Bidhan,1
M,Aiman,1
M,Paulinho,1
M,Anval,1
M,Matéo,1
M,Ianys,1
M,Yihan,1
M,Ádrien,1
M,Murtaza,1
M,Djamson,1
M,Heltrício,1
M,Gurjotdeep,1
M,Isaak,1
M,Nicolae,1
M,Shayon,1
M,Felix,1
M,Florentin,1
M,Timeo,1
M,Prabhjot,1
M,Onofre,1
M,Bendavid,1
M,Wasilua,1
M,Roméo,1
M,Dilpreet,1
M,Ionut-Madalin,1
M,Rafhael,1
M,Ilie,1
M,Asus,1
M,Yohami,1
M,Patrizio,1
M,Josemar,1
M,Noam,1
M,Adelindo,1
M,Sila,1
M,Guillem,1
M,Russel,1
M,Maciel,1
M,Aser,1
M,Lúan,1
M,Herickson,1
M,Heimar,1
M,Élson,1
M,Iancu-Stefan,1
M,Belmiro,1
M,Reef,1
M,Santhiago,1
M,Eliandro,1
M,Hídio,1
M,Gursahib,1
M,Ademir,1
M,Comisar,1
M,Allex,1
M,Prasoon,1
M,Vishwas,1
M,Mychel,1
M,Cayo,1
M,Sébastien,1
M,Drish,1
M,Hanish,1
M,Paul,1
M,Bikram,1
M,Harpreet,1
M,Cezar-Damian,1
M,Koa,1
M,Freddy,1
M,Henzo,1
M,Neivaldo,1
M,Yunes,1
M,Jaspinder,1
M,Olsen,1
M,Alessio,1
M,Russell,1
M,Destiny,1
M,Sukhdeep,1
M,Asad,1
M,Lael,1
M,Timothée,1
M,Délio,1
M,Kleber,1
M,Osvaldo,1
M,Fahim,1
M,Isaí,1
M,Saliu,1
M,Piero,1
M,Asafe,1
M,Hénderson,1
M,Zélio,1
M,Diantus,1
M,Kartik,1
M,Mikaele,1
M,Enrico,1
M,Jacob,1
M,Élcio,1
M,Adelmiro,1
M,Adrián,1
M,Kiluange,1
M,Raiyan,1
M,Alfa,1
M,Djamal,1
M,Mamadú,1
M,Henryk,1
M,Nildo,1
M,Abraham,1
M,Mads,1
M,Cena,1
M,Tajas,1
M,Marlos,1
M,Ayush,1
M,Jamie,1
M,Yvan,1
M,Oswin,1
M,Elhdj,1
M,Nino,1
M,Divyan,1
M,Gabryel,1
M,Kahine,1
M,Hêrnani,1
M,Ikaro,1
M,Senelju,1
M,Faizan,1
M,Jeremy,1
M,Daymonds,1
M,Kwame,1
M,Remi,1
M,Isidro,1
M,Aizen,1
M,Banora,1
M,Richesse,1
M,Aayam,1
M,Hatim,1
M,Lemos,1
M,Iacob,1
M,Ronan,1
M,Rhythm,1
M,Noe,1
M,Joan,1
M,Vladilene,1
M,Victorino,1
M,Príncipe,1
M,Steling,1
M,Yameen,1
M,Kiyaan,1
M,Yannik,1
M,Gursimran,1
M,Djanyr,1
M,Isus,1
M,Admilson,1
M,Raj,1
M,Edmilton,1
M,Jakson,1
M,Mathieu,1
M,Liroy,1
M,Agampreet,1
M,Dibyan,1
M,Hakan,1
M,Satyam,1
M,Prince,1
M,Marino,1
M,Hong,1
M,Páris,1
M,Adama,1
M,Haiden,1
M,Sírius,1
M,Vladislav,1
M,Brânny,1
M,Sambridha,1
M,Alexandros,1
M,Janilson,1
M,Akhmad,1
M,Guto,1
M,Octávio,1
M,Ryaan,1
M,Maximilen,1
M,Devan,1
M,Prachi,1
M,Maximiliano,1
M,Andre,1
M,Avelino,1
M,Jackson,1
M,Yousef,1
M,Lyon,1
M,Lorenzó,1
M,Luaty,1
M,Djuliann,1
M,Sylvain,1
M,Bishes,1
M,John,1
M,Shohrat,1
M,Ravidson,1
M,Sithil,1
M,Jonathane,1
M,Juliann,1
M,Miguelangelo,1
M,Jovanny,1
M,Djenilson,1
M,Natanyel,1
M,Abdoul,1
M,Younes,1
M,Deimon,1
M,Terry,1
M,Mylan,1
M,Morgan,1
M,Tyrese,1
M,Hayden,1
M,Rôman,1
M,Mikha',1
M,Johan,1
M,Samba,1
M,Bohdan,1
M,Djames,1
M,Mahir,1
M,Benner,1
M,Aslan,1
M,Dilraaj,1
M,Henda,1
M,Praneet,1
M,Wolf,1
M,Tyler,1
M,Allan,1
M,Godfrey,1
M,Harshil,1
M,Mars,1
M,Kenzu,1
M,Laudinei,1
M,Jelson,1
M,SALVADOR,1
M,Alexsander,1
M,Nolan,1
M,Anatol,1
M,Eliene,1
F,Carlota,1
M,Lokisley,1
M,João,1
M,Franklim,21